{
  "task_name": "01scheme_200_SNR100",
  "dic_path": "E:/github/SBSD_public/MC_simus\\MC_simus.pkl",
  "scheme_name": "01scheme_200",
  "base_data_path": "01scheme_200",
  "L": 8,
  "bval": 3000000000.0000005,
  "c_smooth": 0.0001,
  "t_smooth": 1e-06,
  "DNs_metadata": {
    "Ns": [
      6
    ],
    "dangle": 0.02,
    "nangles": 100,
    "base_cache_path": "E:/github/SBSD_public/CachedRotationDictionary"
  },
  "results": {
    "Degree6": {
      "mean_ang_error": [
        4.345442530192681,
        3.9640698853043568
      ],
      "median_ang_error": [
        2.2032715670269702,
        1.494476825416128
      ],
      "prop_below_5": [
        0.863,
        0.8645
      ],
      "prop_below_10": [
        0.9275,
        0.92
      ],
      "both_median_ang_error": 1.8192022744222498
    }
  }
}